Model,Accuracy,Precision,Recall,F1-Score,AUC-ROC,Training Time
Logistic Regression,0.7007045938121316,0.45389724338612586,0.6772728779291373,0.5435297246974332,0.7676997436721803,8.551793098449707
SGD Classifier,0.686804562419338,0.43753126155318267,0.6668323887176427,0.52837671035008,0.7511008041885843,21.7078800201416
Random Forest,0.6921326171125606,0.4415741077931537,0.6430347021974744,0.5235942623503853,0.753081564424241,93.79370045661926
K-Nearest Neighbors,0.3170584952387596,0.27555149458295264,0.9795498989095489,0.4301109696197926,0.5969321380173718,0.14801740646362305
XGBoost,0.7766489936865604,0.6205820105820106,0.38875078717974215,0.4780420207454505,0.7908975885359883,10.747990608215332
LightGBM,0.775925215389445,0.6324042842771762,0.3542143117563223,0.4540896537072445,0.7882789120493356,10.15936279296875
AdaBoost,0.6892811050263351,0.43516253888348017,0.6074044612376123,0.5070555032925682,0.7417550477239403,2014.6356143951416
Linear SVC,0.6994837629495274,0.45256362068584316,0.67843293228597,0.5429442970822281,0.76650958459723,14.865197896957397
