Model,Accuracy,Precision,Recall,F1-Score,AUC-ROC,Training Time
Logistic Regression,0.6181938679409815,0.3535638217766399,0.544695237148255,0.4287950738402129,0.6363258535081274,2.39863920211792
SGD Classifier,0.6198855907077331,0.3540810334703465,0.5396241423883862,0.42759218405294674,0.6363258535081275,2.069007635116577
Random Forest,0.5849523875963585,0.3419386440739464,0.6247058433595174,0.44196407634948176,0.6360653167935412,30.905268907546997
XGBoost,0.5836879556315183,0.3413859097966995,0.6266945079712306,0.4419977325058148,0.636154661188067,3.0394649505615234
LightGBM,0.5843681328263979,0.341535005073199,0.6247721321799079,0.4416433349343392,0.6362803018593084,0.8698875904083252
AdaBoost,0.5182514213959329,0.32191255433392996,0.7511186238440887,0.4506756555200907,0.6328831449350815,27.86263370513916
Linear SVC,0.6197983885032614,0.3542638855728952,0.5409830632063902,0.42815172341430147,0.6363258535081274,0.16501712799072266
